CRIM,ZN,INDUS,CHAS,NOX,RM,AGE,DIS,RAD,TAX,PTRATIO,B,LSTAT,MEDV,RM_squared,LSTAT_log,price_per_room,RM_category
0.00632,18.0,2.31,0,0.538,6.575,65.2,4.09,1,296.0,15.3,396.9,4.98,24.0,43.230625,1.7884205679625405,3.650190114068441,Large
0.02731,0.0,7.07,0,0.469,6.421,78.9,4.9671,2,242.0,17.8,396.9,9.14,21.6,41.229241,2.316487998163037,3.363961999688522,Large
0.02729,0.0,7.07,0,0.469,7.185,61.1,4.9671,2,242.0,17.8,392.83,4.03,34.7,51.624224999999996,1.6154199841116479,4.829505915100905,Very Large
0.03237,0.0,2.18,0,0.458,6.998,45.8,6.0622,3,222.0,18.7,394.63,2.94,33.4,48.972004000000005,1.3711807233098425,4.7727922263503855,Large
0.06905,0.0,2.18,0,0.458,7.147,54.2,6.0622,3,222.0,18.7,396.9,5.33,36.2,51.079609000000005,1.8453002361560848,5.065062263886945,Very Large
0.02985,0.0,2.18,0,0.458,6.43,58.7,6.0622,3,222.0,18.7,394.12,5.21,28.7,41.344899999999996,1.8261608959453874,4.463452566096423,Large
0.08829,12.5,7.87,0,0.524,6.012,66.6,5.5605,5,311.0,15.2,395.6,12.43,22.9,36.144144,2.5974910105351463,3.8090485695276115,Large
0.14455,12.5,7.87,0,0.524,6.172,96.1,5.9505,5,311.0,15.2,396.9,19.15,27.1,38.093584,3.0032042883926917,4.390797148412185,Large
0.21124,12.5,7.87,0,0.524,5.631,100.0,6.0821,5,311.0,15.2,386.63,29.93,16.5,31.708161000000004,3.4317265866969784,2.9302077783697387,Medium
0.17004,12.5,7.87,0,0.524,6.004,85.9,6.5921,5,311.0,15.2,386.71,17.1,18.9,36.048016,2.89591193827178,3.1479013990672886,Large
0.22489,12.5,7.87,0,0.524,6.377,94.3,6.3467,5,311.0,15.2,392.52,20.45,15.0,40.666129,3.065724645374026,2.352203230359103,Large
0.11747,12.5,7.87,0,0.524,6.009,82.9,6.2267,5,311.0,15.2,396.9,13.27,18.9,36.108081000000006,2.658159431488745,3.1452820768846728,Large
0.09378,12.5,7.87,0,0.524,5.889,39.0,5.4509,5,311.0,15.2,390.5,15.71,21.7,34.680321,2.8160073426073025,3.6848361351672607,Medium
0.62976,0.0,8.14,0,0.538,5.949,61.8,4.7075,4,307.0,21.0,396.9,8.26,20.4,35.390601,2.225704048658088,3.4291477559253654,Medium
0.63796,0.0,8.14,0,0.538,6.096,84.5,4.4619,4,307.0,21.0,380.02,10.26,18.2,37.161216,2.421256622711544,2.985564304461942,Large
0.62739,0.0,8.14,0,0.538,5.834,56.5,4.4986,4,307.0,21.0,395.62,8.47,19.9,34.03555599999999,2.248128907197987,3.4110387384298937,Medium
1.05393,0.0,8.14,0,0.538,5.935,29.3,4.4986,4,307.0,21.0,386.85,6.58,23.1,35.224225,2.0255131996542803,3.892165122156698,Medium
0.7842,0.0,8.14,0,0.538,5.99,81.7,4.2579,4,307.0,21.0,386.75,14.67,17.5,35.880100000000006,2.7517480563679295,2.9215358931552586,Medium
0.80271,0.0,8.14,0,0.538,5.456,36.6,3.7965,4,307.0,21.0,288.99,11.69,20.2,29.767936000000006,2.540814281726296,3.702346041055718,Medium
0.7258,0.0,8.14,0,0.538,5.727,69.5,3.7965,4,307.0,21.0,390.95,11.28,18.2,32.798529,2.5079719227189963,3.1779291077352885,Medium
1.25179,0.0,8.14,0,0.538,5.57,98.1,3.7979,4,307.0,21.0,376.57,21.02,13.6,31.024900000000002,3.091951131294534,2.4416517055655294,Medium
0.85204,0.0,8.14,0,0.538,5.965,89.2,4.0123,4,307.0,21.0,392.53,13.83,19.6,35.581224999999996,2.696652156149841,3.285834031852473,Medium
1.23247,0.0,8.14,0,0.538,6.142,91.7,3.9769,4,307.0,21.0,396.9,18.72,15.2,37.724164,2.9816333491744893,2.4747639205470526,Large
0.98843,0.0,8.14,0,0.538,5.813,100.0,4.0952,4,307.0,21.0,394.54,19.88,14.5,33.790969,3.038791763014438,2.494409083089627,Medium
0.75026,0.0,8.14,0,0.538,5.924,94.1,4.3996,4,307.0,21.0,394.33,16.3,15.6,35.093776000000005,2.8507065015037334,2.6333558406482105,Medium
0.84054,0.0,8.14,0,0.538,5.599,85.7,4.4546,4,307.0,21.0,303.42,16.51,13.9,31.348801,2.8627721462977607,2.4825861761028754,Medium
0.67191,0.0,8.14,0,0.538,5.813,90.3,4.682,4,307.0,21.0,376.88,14.81,16.6,33.790969,2.7606426512213806,2.855668329606056,Medium
0.95577,0.0,8.14,0,0.538,6.047,88.8,4.4534,4,307.0,21.0,306.38,17.28,14.8,36.56620899999999,2.905807566026004,2.4474946254341,Large
0.77299,0.0,8.14,0,0.538,6.495,94.4,4.4547,4,307.0,21.0,387.94,12.8,18.4,42.185025,2.624668592163159,2.8329484218629712,Large
1.00245,0.0,8.14,0,0.538,6.674,87.3,4.239,4,307.0,21.0,380.23,11.98,21.0,44.54227600000001,2.563409711275944,3.1465388073119565,Large
1.13081,0.0,8.14,0,0.538,5.713,94.1,4.233,4,307.0,21.0,360.17,22.6,12.7,32.638369000000004,3.1612467120315646,2.2230001750393837,Medium
1.35472,0.0,8.14,0,0.538,6.072,100.0,4.175,4,307.0,21.0,376.73,13.04,14.5,36.869184000000004,2.641910398597665,2.388010540184453,Large
1.38799,0.0,8.14,0,0.538,5.95,82.0,3.99,4,307.0,21.0,232.6,27.71,13.2,35.4025,3.3572454941329726,2.218487394957983,Medium
1.15172,0.0,8.14,0,0.538,5.701,95.0,3.7872,4,307.0,21.0,358.77,18.35,13.1,32.501400999999994,2.962692419475791,2.2978424837747764,Medium
1.61282,0.0,8.14,0,0.538,6.096,96.9,3.7598,4,307.0,21.0,248.31,20.34,13.5,37.161216,3.060583245873607,2.2145669291338583,Large
0.06417,0.0,5.96,0,0.499,5.933,68.2,3.3603,5,279.0,19.2,396.9,9.68,18.9,35.200489,2.3683728335320486,3.185572223158604,Medium
0.09744,0.0,5.96,0,0.499,5.841,61.4,3.3779,5,279.0,19.2,377.56,11.41,20.0,34.117281000000006,2.5185025992165158,3.42407122068139,Medium
0.08014,0.0,5.96,0,0.499,5.85,41.5,3.9342,5,279.0,19.2,396.9,8.77,21.0,34.2225,2.2793164660546914,3.58974358974359,Medium
0.17505,0.0,5.96,0,0.499,5.966,30.2,3.8473,5,279.0,19.2,393.43,10.13,24.7,35.593156,2.4096441652874536,4.140127388535031,Medium
0.02763,75.0,2.95,0,0.428,6.595,21.8,5.4011,3,252.0,18.3,395.63,4.32,30.8,43.49402499999999,1.6714733033535532,4.6702047005307055,Large
0.03359,75.0,2.95,0,0.428,7.024,15.8,5.4011,3,252.0,18.3,395.62,1.98,34.9,49.336576,1.091923300517313,4.968678815489749,Very Large
0.12744,0.0,6.91,0,0.448,6.77,2.9,5.7209,3,233.0,17.9,385.41,4.84,26.6,45.832899999999995,1.7647307968401356,3.9290989660265883,Large
0.1415,0.0,6.91,0,0.448,6.169,6.6,5.7209,3,233.0,17.9,383.37,5.81,25.3,38.056560999999995,1.918392120161421,4.101150915869671,Large
0.15936,0.0,6.91,0,0.448,6.211,6.5,5.7209,3,233.0,17.9,394.46,7.44,24.7,38.57652100000001,2.132982308607866,3.9768153276445015,Large
0.12269,0.0,6.91,0,0.448,6.069,40.0,5.7209,3,233.0,17.9,389.39,9.55,21.2,36.832761,2.3561258599220753,3.493161970670621,Large
0.17142,0.0,6.91,0,0.448,5.682,33.8,5.1004,3,233.0,17.9,396.9,10.21,19.3,32.285124,2.4168062370840686,3.3966913058782118,Medium
0.18836,0.0,6.91,0,0.448,5.786,33.3,5.1004,3,233.0,17.9,396.9,14.15,20.0,33.477796,2.7180005319553784,3.4566194262011756,Medium
0.22927,0.0,6.91,0,0.448,6.03,85.5,5.6894,3,233.0,17.9,392.74,18.8,16.6,36.3609,2.9856819377004897,2.7529021558872304,Large
0.25387,0.0,6.91,0,0.448,5.399,95.3,5.87,3,233.0,17.9,396.9,30.81,14.4,29.149201,3.4597807057610526,2.667160585293573,Medium
0.21977,0.0,6.91,0,0.448,5.602,62.0,6.0877,3,233.0,17.9,396.9,16.2,19.4,31.382404000000005,2.8449093838194073,3.463048911103177,Medium
0.08873,21.0,5.64,0,0.439,5.963,45.7,6.8147,4,243.0,16.8,395.56,13.45,19.7,35.557369,2.670694414558441,3.303706188160322,Medium
0.04337,21.0,5.64,0,0.439,6.115,63.0,6.8147,4,243.0,16.8,393.97,9.43,20.5,37.393225,2.344686269012681,3.3524121013900245,Large
0.0536,21.0,5.64,0,0.439,6.511,21.1,6.8147,4,243.0,16.8,396.9,5.28,25.0,42.393121,1.8373699804801074,3.8396559668253722,Large
0.04981,21.0,5.64,0,0.439,5.998,21.4,6.8147,4,243.0,16.8,396.9,8.43,23.4,35.976004,2.2438960966453663,3.9013004334778256,Medium
0.0136,75.0,4.0,0,0.41,5.888,47.6,7.3197,3,469.0,21.1,396.9,14.8,18.9,34.668544,2.760009940032921,3.209918478260869,Medium
0.01311,90.0,1.22,0,0.403,7.249,21.9,8.6966,5,226.0,17.9,395.93,4.81,35.4,52.54800099999999,1.7595805708638197,4.883432197544489,Very Large
0.02055,85.0,0.74,0,0.41,6.383,35.7,9.1876,2,313.0,17.3,396.9,5.77,24.7,40.742689,1.9125010869241836,3.8696537678207736,Large
0.01432,100.0,1.32,0,0.411,6.816,40.5,8.3248,5,256.0,15.1,392.9,3.95,31.6,46.457856,1.599387576580599,4.636150234741784,Large
0.15445,25.0,5.13,0,0.453,6.145,29.2,7.8148,8,284.0,19.7,390.68,6.86,23.3,37.761025,2.061786606441115,3.7917005695687553,Large
0.10328,25.0,5.13,0,0.453,5.927,47.2,6.932,8,284.0,19.7,396.9,9.22,19.6,35.129329,2.3243465847755584,3.306900624261853,Medium
0.14932,25.0,5.13,0,0.453,5.741,66.2,7.2254,8,284.0,19.7,395.11,13.15,18.7,32.959081,2.649714624089247,3.2572722522208677,Medium
0.17171,25.0,5.13,0,0.453,5.966,93.4,6.8185,8,284.0,19.7,378.08,14.44,16.0,35.593156,2.73696154459663,2.681863895407308,Medium
0.11027,25.0,5.13,0,0.453,6.456,67.8,7.2255,8,284.0,19.7,396.9,6.73,22.2,41.679936000000005,2.0451088625993306,3.4386617100371746,Large
0.1265,25.0,5.13,0,0.453,6.762,43.4,7.9809,8,284.0,19.7,395.58,9.5,25.0,45.72464399999999,2.3513752571634776,3.6971310263235733,Large
0.01951,17.5,1.38,0,0.4161,7.104,59.5,9.2229,3,216.0,18.6,393.24,8.05,33.0,50.466816,2.2027647577118348,4.64527027027027,Very Large
0.03584,80.0,3.37,0,0.398,6.29,17.8,6.6115,4,337.0,16.1,396.9,4.67,23.5,39.5641,1.7351891177396608,3.7360890302066774,Large
0.04379,80.0,3.37,0,0.398,5.787,31.1,6.6115,4,337.0,16.1,396.9,10.24,19.4,33.489368999999996,2.419478844465545,3.3523414549853117,Medium
0.05789,12.5,6.07,0,0.409,5.878,21.4,6.498,4,345.0,18.9,396.21,8.1,22.0,34.550884,2.2082744135228043,3.74276964954066,Medium
0.13554,12.5,6.07,0,0.409,5.594,36.8,6.498,4,345.0,18.9,396.9,13.09,17.4,31.292836000000005,2.645465325910589,3.1104755094744365,Medium
0.12816,12.5,6.07,0,0.409,5.885,33.0,6.498,4,345.0,18.9,396.9,8.79,20.9,34.633224999999996,2.281361456542419,3.5514018691588785,Medium
0.08826,0.0,10.81,0,0.413,6.417,6.6,5.2873,4,305.0,19.2,383.73,6.72,24.2,41.177889,2.0438143640366846,3.7712326632382736,Large
0.15876,0.0,10.81,0,0.413,5.961,17.5,5.2873,4,305.0,19.2,376.94,9.88,21.7,35.533521,2.3869262414277967,3.6403288038919643,Medium
0.09164,0.0,10.81,0,0.413,6.065,7.8,5.2873,4,305.0,19.2,390.91,5.52,22.8,36.784225000000006,1.8748743759385615,3.7592745259686726,Large
0.19539,0.0,10.81,0,0.413,6.245,6.2,5.2873,4,305.0,19.2,377.17,7.54,23.4,39.000025,2.1447610078004784,3.7469975980784627,Large
0.07896,0.0,12.83,0,0.437,6.273,6.0,4.2515,5,398.0,18.7,394.92,6.78,24.1,39.350528999999995,2.0515563381903004,3.8418619480312453,Large
0.09512,0.0,12.83,0,0.437,6.286,45.0,4.5026,5,398.0,18.7,383.23,8.94,21.4,39.51379599999999,2.2965670206684825,3.404390709513204,Large
0.10153,0.0,12.83,0,0.437,6.279,74.5,4.0522,5,398.0,18.7,373.66,11.97,20.0,39.425841,2.5626389983283526,3.1852205765249244,Large
0.08707,0.0,12.83,0,0.437,6.14,45.8,4.0905,5,398.0,18.7,386.96,10.27,20.8,37.6996,2.422144328051685,3.3876221498371337,Large
0.05646,0.0,12.83,0,0.437,6.232,53.7,5.0141,5,398.0,18.7,386.4,12.34,21.2,38.837824000000005,2.590767040487478,3.4017971758664953,Large
0.08387,0.0,12.83,0,0.437,5.874,36.6,4.5026,5,398.0,18.7,396.06,9.1,20.3,34.503876,2.312535423847214,3.4559073884916587,Medium
0.04113,25.0,4.86,0,0.426,6.727,33.5,5.4007,4,281.0,19.0,396.9,5.29,28.0,45.252529,1.8389610707123492,4.1623309053069715,Large
0.04462,25.0,4.86,0,0.426,6.619,70.4,5.4007,4,281.0,19.0,395.63,7.22,23.9,43.811161,2.1065702090680882,3.610817344009669,Large
0.03659,25.0,4.86,0,0.426,6.302,32.2,5.4007,4,281.0,19.0,396.9,6.72,24.8,39.71520399999999,2.0438143640366846,3.935258648048239,Large
0.03551,25.0,4.86,0,0.426,6.167,46.7,5.4007,4,281.0,19.0,390.64,7.51,22.9,38.031889,2.1412419425852827,3.713312793903032,Large
0.05059,0.0,4.49,0,0.449,6.389,48.0,4.7794,3,247.0,18.5,396.9,9.62,23.9,40.819321,2.362739015813793,3.740804507747691,Large
0.05735,0.0,4.49,0,0.449,6.63,56.1,4.4377,3,247.0,18.5,392.3,6.53,26.6,43.9569,2.018895041811802,4.012066365007541,Large
0.05188,0.0,4.49,0,0.449,6.015,45.1,4.4272,3,247.0,18.5,395.99,12.86,22.5,36.18022499999999,2.6290069937617573,3.7406483790523692,Large
0.07151,0.0,4.49,0,0.449,6.121,56.8,3.7476,3,247.0,18.5,395.15,8.44,22.2,37.466641,2.244955980157409,3.6268583564776993,Large
0.0566,0.0,3.41,0,0.489,7.007,86.3,3.4217,2,270.0,17.8,396.9,5.5,23.6,49.098048999999996,1.8718021769015913,3.3680605109176542,Very Large
0.05302,0.0,3.41,0,0.489,7.079,63.1,3.4145,2,270.0,17.8,396.06,5.7,28.7,50.112241,1.9021075263969205,4.054244949851674,Very Large
0.04684,0.0,3.41,0,0.489,6.417,66.1,3.0923,2,270.0,17.8,392.18,8.81,22.6,41.177889,2.2834022735772717,3.5218949664952475,Large
0.03932,0.0,3.41,0,0.489,6.405,73.9,3.0921,2,270.0,17.8,393.55,8.2,22.0,41.024025,2.2192034840549946,3.4348165495706477,Large
0.04203,28.0,15.04,0,0.464,6.442,53.6,3.6659,4,270.0,18.2,395.01,8.16,22.9,41.499364,2.214846178686039,3.5547966470040357,Large
0.02875,28.0,15.04,0,0.464,6.211,28.9,3.6659,4,270.0,18.2,396.33,6.21,25.0,38.57652100000001,1.9754689512968577,4.025116728385123,Large
0.04294,28.0,15.04,0,0.464,6.249,77.3,3.615,4,270.0,18.2,396.9,10.59,20.6,39.050000999999995,2.4501426573516603,3.296527444391103,Large
0.12204,0.0,2.89,0,0.445,6.625,57.8,3.4952,2,276.0,18.0,357.98,6.65,28.4,43.890625,2.0347056478384444,4.286792452830189,Large
0.11504,0.0,2.89,0,0.445,6.163,69.6,3.4952,2,276.0,18.0,391.83,11.34,21.4,37.982569000000005,2.5128460184772416,3.472334901833522,Large
0.12083,0.0,2.89,0,0.445,8.069,76.0,3.4952,2,276.0,18.0,396.9,4.21,38.7,65.10876100000002,1.6505798557652755,4.796133349857479,Very Large
0.08187,0.0,2.89,0,0.445,7.82,36.9,3.4952,2,276.0,18.0,393.53,3.57,43.8,61.15240000000001,1.5195132049061133,5.601023017902813,Very Large
0.0686,0.0,2.89,0,0.445,7.416,62.5,3.4952,2,276.0,18.0,396.9,6.19,33.2,54.99705600000001,1.9726911717329554,4.4768069039913705,Very Large
0.14866,0.0,8.56,0,0.52,6.727,79.9,2.7778,5,384.0,20.9,394.76,9.42,27.5,45.252529,2.343727036325221,4.088003567712204,Large
0.11432,0.0,8.56,0,0.52,6.781,71.3,2.8561,5,384.0,20.9,395.58,7.67,26.5,45.981961,2.1598687907924505,3.907978174310574,Large
0.22876,0.0,8.56,0,0.52,6.405,85.4,2.7147,5,384.0,20.9,70.8,10.63,18.6,41.024025,2.453587966530573,2.9039812646370025,Large
0.21161,0.0,8.56,0,0.52,6.137,87.4,2.7147,5,384.0,20.9,394.47,13.44,19.3,37.662769,2.67000213346468,3.144859051653903,Large
0.1396,0.0,8.56,0,0.52,6.167,90.0,2.421,5,384.0,20.9,392.69,12.33,20.1,38.031889,2.5900171341906173,3.2592832819847577,Large
0.13262,0.0,8.56,0,0.52,5.851,96.7,2.1069,5,384.0,20.9,394.05,16.47,19.5,34.234201,2.8604851241459652,3.3327636301486927,Medium
0.1712,0.0,8.56,0,0.52,5.836,91.9,2.211,5,384.0,20.9,395.67,18.66,19.5,34.058896000000004,2.9785861147190205,3.3413296778615487,Medium
0.13117,0.0,8.56,0,0.52,6.127,85.2,2.1224,5,384.0,20.9,387.69,14.09,20.4,37.540129,2.7140322727797574,3.329525053043904,Large
0.12802,0.0,8.56,0,0.52,6.474,97.1,2.4329,5,384.0,20.9,395.24,12.27,19.8,41.912676000000005,2.5855058483441162,3.0583873957367933,Large
0.26363,0.0,8.56,0,0.52,6.229,91.2,2.5451,5,384.0,20.9,391.23,15.55,19.4,38.800441,2.806386101823072,3.11446460105956,Large
0.10793,0.0,8.56,0,0.52,6.195,54.4,2.7778,5,384.0,20.9,393.49,13.0,21.7,38.378025,2.6390573296152584,3.502824858757062,Large
0.10084,0.0,10.01,0,0.547,6.715,81.6,2.6775,6,432.0,17.8,395.59,10.16,22.8,45.091225,2.412335956953165,3.395383469843634,Large
0.12329,0.0,10.01,0,0.547,5.913,92.9,2.3534,6,432.0,17.8,394.95,16.21,18.8,34.963569,2.845490610223448,3.1794351429054624,Medium
0.22212,0.0,10.01,0,0.547,6.092,95.4,2.548,6,432.0,17.8,396.9,17.09,18.7,37.112463999999996,2.895359299407204,3.0695994747209454,Large
0.14231,0.0,10.01,0,0.547,6.254,84.2,2.2565,6,432.0,17.8,388.74,10.45,18.5,39.11251599999999,2.4379897300002487,2.9581068116405502,Large
0.17134,0.0,10.01,0,0.547,5.928,88.2,2.4631,6,432.0,17.8,344.91,15.76,18.3,35.141184,2.818995095053937,3.087044534412956,Medium
0.13158,0.0,10.01,0,0.547,6.176,72.5,2.7301,6,432.0,17.8,393.3,12.04,21.2,38.142976000000004,2.5680215564985067,3.432642487046632,Large
0.15098,0.0,10.01,0,0.547,6.021,82.6,2.7474,6,432.0,17.8,394.51,10.3,19.2,36.252441,2.424802725718295,3.1888390632785253,Large
0.13058,0.0,10.01,0,0.547,5.872,73.1,2.4775,6,432.0,17.8,338.63,15.37,20.4,34.480384,2.7954503913830435,3.4741144414168934,Medium
0.14476,0.0,10.01,0,0.547,5.731,65.2,2.7592,6,432.0,17.8,391.5,13.61,19.3,32.844361,2.681706225762608,3.367649624847322,Medium
0.06899,0.0,25.65,0,0.581,5.87,69.7,2.2577,2,188.0,19.1,389.15,14.37,22.0,34.456900000000005,2.7324175575505043,3.7478705281090288,Medium
0.07165,0.0,25.65,0,0.581,6.004,84.1,2.1974,2,188.0,19.1,377.67,14.27,20.3,36.048016,2.725890119230541,3.3810792804796805,Large
0.09299,0.0,25.65,0,0.581,5.961,92.9,2.0869,2,188.0,19.1,378.09,17.93,20.5,35.533521,2.9407479652212314,3.439020298607616,Medium
0.15038,0.0,25.65,0,0.581,5.856,97.0,1.9444,2,188.0,19.1,370.31,25.41,17.3,34.292736,3.273742726309041,2.954234972677596,Medium
0.09849,0.0,25.65,0,0.581,5.879,95.8,2.0063,2,188.0,19.1,379.38,17.58,18.8,34.56264099999999,2.922085733385692,3.197822758972615,Medium
0.16902,0.0,25.65,0,0.581,5.986,88.4,1.9929,2,188.0,19.1,385.02,14.81,21.4,35.832195999999996,2.7606426512213806,3.575008352823254,Medium
0.38735,0.0,25.65,0,0.581,5.613,95.6,1.7572,2,188.0,19.1,359.29,27.26,15.7,31.505769000000004,3.3414473772563813,2.797078211295207,Medium
0.25915,0.0,21.89,0,0.624,5.693,96.0,1.7883,4,437.0,21.2,392.11,17.19,16.2,32.41024899999999,2.900871992530031,2.8455998594765504,Medium
0.32543,0.0,21.89,0,0.624,6.431,98.8,1.8125,4,437.0,21.2,396.9,15.39,18.0,41.357761,2.7966713927557385,2.7989426216762556,Large
0.88125,0.0,21.89,0,0.624,5.637,94.7,1.9799,4,437.0,21.2,396.9,18.34,14.3,31.775768999999997,2.9621754900251482,2.536810360120632,Medium
0.34006,0.0,21.89,0,0.624,6.458,98.9,2.1185,4,437.0,21.2,395.04,12.6,19.2,41.705764,2.6100697927420065,2.9730566738928457,Large
1.19294,0.0,21.89,0,0.624,6.326,97.7,2.271,4,437.0,21.2,396.9,12.26,19.6,40.01827599999999,2.5847519847577165,3.0983243755927923,Large
0.59005,0.0,21.89,0,0.624,6.372,97.9,2.3274,4,437.0,21.2,385.76,11.12,23.0,40.602384,2.4948569806411682,3.6095417451349654,Large
0.32982,0.0,21.89,0,0.624,5.822,95.4,2.4699,4,437.0,21.2,388.69,15.03,18.4,33.895684,2.7744619666214616,3.1604259704568873,Medium
0.97617,0.0,21.89,0,0.624,5.757,98.4,2.346,4,437.0,21.2,262.76,17.31,15.6,33.143049,2.907447358686419,2.709744658676394,Medium
0.55778,0.0,21.89,0,0.624,6.335,98.2,2.1107,4,437.0,21.2,394.67,16.96,18.1,40.132225,2.8881470628740535,2.857142857142857,Large
0.32264,0.0,21.89,0,0.624,5.942,93.5,1.9669,4,437.0,21.2,378.25,16.9,17.4,35.307364,2.884800712846709,2.9283069673510598,Medium
0.35233,0.0,21.89,0,0.624,6.454,98.4,1.8498,4,437.0,21.2,394.08,14.59,17.1,41.654115999999995,2.7466296830696852,2.649519677719244,Large
0.2498,0.0,21.89,0,0.624,5.857,98.2,1.6686,4,437.0,21.2,392.04,21.32,13.3,34.304449000000005,3.1054831375131102,2.2707870923681064,Medium
0.54452,0.0,21.89,0,0.624,6.151,97.9,1.6687,4,437.0,21.2,396.9,18.46,17.8,37.834801,2.968361076757859,2.8938384002601207,Large
0.2909,0.0,21.89,0,0.624,6.174,93.6,1.6119,4,437.0,21.2,388.08,24.16,14.0,38.118276,3.22525543183224,2.2675736961451247,Large
1.62864,0.0,21.89,0,0.624,5.019,100.0,1.4394,4,437.0,21.2,396.9,34.41,14.4,25.190361000000003,3.566994266123812,2.8690974297668856,Medium
3.32105,0.0,19.58,1,0.871,5.403,100.0,1.3216,5,403.0,14.7,396.9,26.82,13.4,29.192408999999994,3.325755186495297,2.480103646122525,Medium
4.0974,0.0,19.58,0,0.871,5.468,100.0,1.4118,5,403.0,14.7,396.9,26.42,15.6,29.899024,3.3112726741341683,2.852962692026335,Medium
2.77974,0.0,19.58,0,0.871,4.903,97.8,1.3459,5,403.0,14.7,396.9,29.29,11.8,24.039408999999996,3.410817625039146,2.406689781766266,Small
2.37934,0.0,19.58,0,0.871,6.13,100.0,1.4191,5,403.0,14.7,172.91,27.8,13.8,37.5769,3.3603753871419,2.2512234910277327,Large
2.15505,0.0,19.58,0,0.871,5.628,100.0,1.5166,5,403.0,14.7,169.27,16.65,15.6,31.674384,2.8707357833793057,2.7718550106609805,Medium
2.36862,0.0,19.58,0,0.871,4.926,95.7,1.4608,5,403.0,14.7,391.71,29.53,14.6,24.265476000000003,3.4187098067467865,2.9638652050345105,Small
2.33099,0.0,19.58,0,0.871,5.186,93.8,1.5296,5,403.0,14.7,356.99,28.32,17.8,26.894596,3.3782698770184507,3.4323177786347863,Medium
2.73397,0.0,19.58,0,0.871,5.597,94.9,1.5257,5,403.0,14.7,351.85,21.45,15.4,31.326409000000005,3.1112906141882632,2.751474003930677,Medium
1.6566,0.0,19.58,0,0.871,6.122,97.3,1.618,5,403.0,14.7,372.8,14.1,21.5,37.478884,2.714694743820879,3.511924207775237,Large
1.49632,0.0,19.58,0,0.871,5.404,100.0,1.5916,5,403.0,14.7,341.6,13.28,19.6,29.203215999999998,2.658859956911438,3.6269430051813476,Medium
1.12658,0.0,19.58,1,0.871,5.012,88.0,1.6102,5,403.0,14.7,343.28,12.12,15.3,25.120143999999996,2.574137783515943,3.052673583399841,Medium
2.14918,0.0,19.58,0,0.871,5.709,98.5,1.6232,5,403.0,14.7,261.95,15.79,19.4,32.592681,2.8207834710894493,3.398143282536346,Medium
1.41385,0.0,19.58,1,0.871,6.129,96.0,1.7494,5,403.0,14.7,321.02,15.12,17.0,37.564640999999995,2.780060737078482,2.7736988089411,Large
3.53501,0.0,19.58,1,0.871,6.152,82.6,1.7455,5,403.0,14.7,88.01,15.02,15.6,37.847104,2.7738379416402132,2.5357607282184653,Large
2.44668,0.0,19.58,0,0.871,5.272,94.0,1.7364,5,403.0,14.7,88.63,16.14,13.1,27.793984000000002,2.8414149131696336,2.484825493171472,Medium
1.22358,0.0,19.58,0,0.605,6.943,97.4,1.8773,5,403.0,14.7,363.43,4.59,41.3,48.205248999999995,1.7209792871670078,5.94843727495319,Large
1.34284,0.0,19.58,0,0.605,6.066,100.0,1.7573,5,403.0,14.7,353.89,6.43,24.3,36.796355999999996,2.005525858729668,4.005934718100891,Large
1.42502,0.0,19.58,0,0.871,6.51,100.0,1.7659,5,403.0,14.7,364.31,7.39,23.3,42.3801,2.127040520479115,3.579109062980031,Large
1.27346,0.0,19.58,1,0.605,6.25,92.6,1.7984,5,403.0,14.7,338.92,5.5,27.0,39.0625,1.8718021769015913,4.32,Large
1.46336,0.0,19.58,0,0.605,7.489,90.8,1.9709,5,403.0,14.7,374.43,1.73,50.0,56.085121,1.0043016091968684,6.676458806249165,Very Large
1.83377,0.0,19.58,1,0.605,7.802,98.2,2.0407,5,403.0,14.7,389.61,1.92,50.0,60.87120399999999,1.0715836162801904,6.40861317610869,Very Large
1.51902,0.0,19.58,1,0.605,8.375,93.9,2.162,5,403.0,14.7,388.45,3.32,50.0,70.140625,1.463255402256019,5.970149253731344,Very Large
2.24236,0.0,19.58,0,0.605,5.854,91.8,2.422,5,403.0,14.7,395.11,11.64,22.7,34.269316,2.5368663887187113,3.87769046805603,Medium
2.924,0.0,19.58,0,0.605,6.101,93.0,2.2834,5,403.0,14.7,240.16,9.81,25.0,37.222201,2.3804716316511167,4.097688903458449,Large
2.01019,0.0,19.58,0,0.605,7.929,96.2,2.0459,5,403.0,14.7,369.3,3.7,50.0,62.869041,1.547562508716013,6.30596544330937,Very Large
1.80028,0.0,19.58,0,0.605,5.877,79.2,2.4259,5,403.0,14.7,227.61,12.14,23.8,34.539128999999996,2.5756610130564646,4.0496852135443255,Medium
2.3004,0.0,19.58,0,0.605,6.319,96.1,2.1,5,403.0,14.7,297.09,11.1,23.8,39.929761,2.4932054526026954,3.766418737141953,Large
2.44953,0.0,19.58,0,0.605,6.402,95.2,2.2625,5,403.0,14.7,330.04,11.32,22.3,40.985604,2.511223958105374,3.483286472977195,Large
1.20742,0.0,19.58,0,0.605,5.875,94.6,2.4259,5,403.0,14.7,292.29,14.43,17.4,34.515625,2.7363136663750693,2.9617021276595743,Medium
2.3139,0.0,19.58,0,0.605,5.88,97.3,2.3887,5,403.0,14.7,348.13,12.03,19.1,34.5744,2.567254391136754,3.2482993197278915,Medium
0.13914,0.0,4.05,0,0.51,5.572,88.5,2.5961,5,296.0,16.6,396.9,14.69,23.1,31.047184,2.753023566744941,4.1457286432160805,Medium
0.09178,0.0,4.05,0,0.51,6.416,84.1,2.6463,5,296.0,16.6,395.5,9.04,23.6,41.16505600000001,2.306577114263583,3.678304239401496,Large
0.08447,0.0,4.05,0,0.51,5.859,68.7,2.7019,5,296.0,16.6,393.23,9.64,22.6,34.327881,2.3646204839134985,3.85731353473289,Medium
0.06664,0.0,4.05,0,0.51,6.546,33.1,3.1323,5,296.0,16.6,390.96,5.33,29.4,42.85011600000001,1.8453002361560848,4.491292392300641,Large
0.07022,0.0,4.05,0,0.51,6.02,47.2,3.5549,5,296.0,16.6,393.23,10.11,23.2,36.240399999999994,2.4078456036515385,3.853820598006645,Large
0.05425,0.0,4.05,0,0.51,6.315,73.4,3.3175,5,296.0,16.6,395.6,6.29,24.6,39.879225000000005,1.986503546020567,3.8954869358669835,Large
0.06642,0.0,4.05,0,0.51,6.86,74.4,2.9153,5,296.0,16.6,391.27,6.92,29.9,47.0596,2.0693912058263346,4.358600583090379,Large
0.0578,0.0,2.46,0,0.488,6.98,58.4,2.829,3,193.0,17.8,396.9,5.04,37.2,48.720400000000005,1.7984040119467235,5.329512893982808,Large
0.06588,0.0,2.46,0,0.488,7.765,83.3,2.741,3,193.0,17.8,395.56,7.56,39.8,60.295224999999995,2.1471001901536506,5.125563425627817,Very Large
0.06888,0.0,2.46,0,0.488,6.144,62.2,2.5979,3,193.0,17.8,396.9,9.45,36.2,37.748736,2.34660197841082,5.891927083333334,Large
0.09103,0.0,2.46,0,0.488,7.155,92.2,2.7006,3,193.0,17.8,394.12,4.82,37.9,51.194025,1.7613002617433464,5.296995108315863,Very Large
0.10008,0.0,2.46,0,0.488,6.563,95.6,2.847,3,193.0,17.8,396.9,5.68,32.5,43.07296899999999,1.8991179875485542,4.952003656864239,Large
0.08308,0.0,2.46,0,0.488,5.604,89.8,2.9879,3,193.0,17.8,391.0,13.98,26.4,31.404816,2.7067159780890733,4.710920770877944,Medium
0.06047,0.0,2.46,0,0.488,6.153,68.8,3.2797,3,193.0,17.8,387.11,13.15,29.6,37.85940899999999,2.649714624089247,4.8106614659515685,Large
0.05602,0.0,2.46,0,0.488,7.831,53.6,3.1992,3,193.0,17.8,392.63,4.45,50.0,61.32456100000001,1.6956156086751528,6.3848806027327285,Very Large
0.07875,45.0,3.44,0,0.437,6.782,41.1,3.7886,5,398.0,15.2,393.87,6.68,32.0,45.995524,2.038619547159581,4.718372161604247,Large
0.12579,45.0,3.44,0,0.437,6.556,29.1,4.5667,5,398.0,15.2,382.84,4.56,29.8,42.981136,1.715598108262491,4.545454545454546,Large
0.0837,45.0,3.44,0,0.437,7.185,38.9,4.5667,5,398.0,15.2,396.9,5.39,34.9,51.624224999999996,1.8547342683894434,4.857341684064022,Very Large
0.09068,45.0,3.44,0,0.437,6.951,21.5,6.4798,5,398.0,15.2,377.68,5.1,37.0,48.31640099999999,1.8082887711792655,5.322975111494749,Large
0.06911,45.0,3.44,0,0.437,6.739,30.8,6.4798,5,398.0,15.2,389.71,4.69,30.5,45.414121,1.7387102481382397,4.5258940495622495,Large
0.08664,45.0,3.44,0,0.437,7.178,26.3,6.4798,5,398.0,15.2,390.49,2.87,36.4,51.523683999999996,1.3532545070416904,5.071050431875174,Very Large
0.02187,60.0,2.93,0,0.401,6.8,9.9,6.2196,1,265.0,15.6,393.37,5.03,31.1,46.239999999999995,1.7967470107390942,4.5735294117647065,Large
0.01439,60.0,2.93,0,0.401,6.604,18.8,6.2196,1,265.0,15.6,376.7,4.38,29.1,43.612816,1.682688374173693,4.406420351302241,Large
0.01381,80.0,0.46,0,0.422,7.875,32.0,5.6484,4,255.0,14.4,394.23,2.97,50.0,62.015625,1.3787660946990992,6.349206349206349,Very Large
0.04011,80.0,1.52,0,0.404,7.287,34.1,7.309,2,329.0,12.6,396.9,4.08,33.3,53.100369,1.6253112615903906,4.569781803211198,Very Large
0.04666,80.0,1.52,0,0.404,7.107,36.6,7.309,2,329.0,12.6,354.31,8.61,30.3,50.509449000000004,2.262804222982201,4.263402279442803,Very Large
0.03768,80.0,1.52,0,0.404,7.274,38.3,7.309,2,329.0,12.6,392.2,6.62,34.6,52.911076,2.030776369698555,4.756667583172945,Very Large
0.0315,95.0,1.47,0,0.403,6.975,15.3,7.6534,3,402.0,17.0,396.9,4.56,34.9,48.650625,1.715598108262491,5.003584229390681,Large
0.01778,95.0,1.47,0,0.403,7.135,13.9,7.6534,3,402.0,17.0,384.3,4.45,32.9,50.908224999999995,1.6956156086751528,4.611072179397337,Very Large
0.03445,82.5,2.03,0,0.415,6.162,38.4,6.27,2,348.0,14.7,393.77,7.43,24.1,37.970244,2.131796772013764,3.9110678351184682,Large
0.02177,82.5,2.03,0,0.415,7.61,15.7,6.27,2,348.0,14.7,395.38,3.11,42.3,57.9121,1.413423028508143,5.558475689881734,Very Large
0.0351,95.0,2.68,0,0.4161,7.853,33.2,5.118,4,224.0,14.7,392.78,3.81,48.5,61.669608999999994,1.57069708411767,6.175983700496626,Very Large
0.02009,95.0,2.68,0,0.4161,8.034,31.9,5.118,4,224.0,14.7,390.55,2.88,50.0,64.545156,1.355835153635182,6.2235499128703005,Very Large
0.13642,0.0,10.59,0,0.489,5.891,22.3,3.9454,4,277.0,18.6,396.9,10.87,22.6,34.703881,2.4740142086215764,3.8363605499915128,Medium
0.22969,0.0,10.59,0,0.489,6.326,52.5,4.3549,4,277.0,18.6,394.87,10.97,24.4,40.01827599999999,2.482403519569882,3.857097692064496,Large
0.25199,0.0,10.59,0,0.489,5.783,72.7,4.3549,4,277.0,18.6,389.43,18.06,22.5,33.44308900000001,2.947591898226056,3.8907141621995502,Medium
0.13587,0.0,10.59,1,0.489,6.064,59.1,4.2392,4,277.0,18.6,381.32,14.66,24.4,36.772096,2.751109690562657,4.0237467018469655,Large
0.43571,0.0,10.59,1,0.489,5.344,100.0,3.875,4,277.0,18.6,396.9,23.09,20.0,28.558336000000004,3.18179681662678,3.74251497005988,Medium
0.17446,0.0,10.59,1,0.489,5.96,92.1,3.8771,4,277.0,18.6,393.25,17.27,21.7,35.5216,2.9052603703899154,3.640939597315436,Medium
0.37578,0.0,10.59,1,0.489,5.404,88.6,3.665,4,277.0,18.6,395.24,23.98,19.3,29.203215999999998,3.2180755046974316,3.5714285714285716,Medium
0.21719,0.0,10.59,1,0.489,5.807,53.8,3.6526,4,277.0,18.6,390.94,16.03,22.4,33.72124900000001,2.834976494674597,3.8574134665059407,Medium
0.14052,0.0,10.59,0,0.489,6.375,32.3,3.9454,4,277.0,18.6,385.81,9.38,28.1,40.640625,2.3398808777377424,4.407843137254902,Large
0.28955,0.0,10.59,0,0.489,5.412,9.8,3.5875,4,277.0,18.6,348.93,29.55,23.7,29.289744,3.4193646856176043,4.3791574279379155,Medium
0.19802,0.0,10.59,0,0.489,6.182,42.4,3.9454,4,277.0,18.6,393.63,9.47,25.0,38.217124000000005,2.3485140248824456,4.043998705920414,Large
0.0456,0.0,13.89,1,0.55,5.888,56.0,3.1121,5,276.0,16.4,392.8,13.51,23.3,34.668544,2.6748380668960965,3.957201086956522,Medium
0.07013,0.0,13.89,0,0.55,6.642,85.1,3.4211,5,276.0,16.4,392.78,9.69,28.7,44.116164000000005,2.3693087250369538,4.320987654320987,Large
0.11069,0.0,13.89,1,0.55,5.951,93.8,2.8893,5,276.0,16.4,396.9,17.92,21.5,35.414401,2.9402195636237325,3.612838178457402,Medium
0.11425,0.0,13.89,1,0.55,6.373,92.4,3.3633,5,276.0,16.4,393.74,10.5,23.0,40.615129,2.4423470353692043,3.6089753648203358,Large
0.35809,0.0,6.2,1,0.507,6.951,88.5,2.8617,8,307.0,17.4,391.7,9.71,26.7,48.31640099999999,2.3711778844596574,3.841173931808373,Large
0.40771,0.0,6.2,1,0.507,6.164,91.3,3.048,8,307.0,17.4,395.24,21.46,21.7,37.994896,3.111735949310297,3.5204412719013627,Large
0.62356,0.0,6.2,1,0.507,6.879,77.7,3.2721,8,307.0,17.4,390.39,9.93,27.5,47.320640999999995,2.391511302188447,3.9976740805349618,Large
0.6147,0.0,6.2,0,0.507,6.618,80.8,3.2721,8,307.0,17.4,396.9,7.6,30.1,43.797924,2.151762203259462,4.548201873677848,Large
0.31533,0.0,6.2,0,0.504,8.266,78.3,2.8944,8,307.0,17.4,385.05,4.14,44.8,68.326756,1.6370530794670737,5.419791918703121,Very Large
0.52693,0.0,6.2,0,0.504,8.725,83.0,2.8944,8,307.0,17.4,382.0,4.63,50.0,76.125625,1.728109442151599,5.730659025787966,Very Large
0.38214,0.0,6.2,0,0.504,8.04,86.5,3.2157,8,307.0,17.4,387.38,3.13,37.6,64.64159999999998,1.4182774069729414,4.676616915422886,Very Large
0.41238,0.0,6.2,0,0.504,7.163,79.9,3.2157,8,307.0,17.4,372.08,6.36,31.6,51.308569000000006,1.9960599327407849,4.4115594024849925,Very Large
0.29819,0.0,6.2,0,0.504,7.686,17.0,3.3751,8,307.0,17.4,377.51,3.92,46.7,59.074596,1.5933085305042167,6.075982305490503,Very Large
0.44178,0.0,6.2,0,0.504,6.552,21.4,3.3751,8,307.0,17.4,380.34,3.76,31.5,42.928703999999996,1.5602476682433286,4.807692307692308,Large
0.537,0.0,6.2,0,0.504,5.981,68.1,3.6715,8,307.0,17.4,378.35,11.65,24.3,35.772361,2.5376572151735295,4.062865741514797,Medium
0.46296,0.0,6.2,0,0.504,7.412,76.9,3.6715,8,307.0,17.4,376.14,5.25,31.7,54.937744,1.8325814637483102,4.276848354020507,Very Large
0.57529,0.0,6.2,0,0.507,8.337,73.3,3.8384,8,307.0,17.4,385.91,2.47,41.7,69.505569,1.244154593958768,5.001799208348327,Very Large
0.33147,0.0,6.2,0,0.507,8.247,70.4,3.6519,8,307.0,17.4,378.95,3.95,48.3,68.013009,1.599387576580599,5.856675154601673,Very Large
0.44791,0.0,6.2,1,0.507,6.726,66.5,3.6519,8,307.0,17.4,360.2,8.05,29.0,45.239076,2.2027647577118348,4.311626523936961,Large
0.33045,0.0,6.2,0,0.507,6.086,61.5,3.6519,8,307.0,17.4,376.75,10.88,24.0,37.039396,2.474856313934499,3.9434768320736113,Large
0.52058,0.0,6.2,1,0.507,6.631,76.5,4.148,8,307.0,17.4,388.45,9.54,25.1,43.970161000000004,2.355177543113216,3.7852510933494194,Large
0.51183,0.0,6.2,0,0.507,7.358,71.6,4.148,8,307.0,17.4,390.07,4.73,31.5,54.14016399999999,1.7457155307266483,4.281054634411525,Very Large
0.08244,30.0,4.93,0,0.428,6.481,18.5,6.1899,6,300.0,16.6,379.41,6.36,23.7,42.003361,1.9960599327407849,3.6568430797716402,Large
0.09252,30.0,4.93,0,0.428,6.606,42.2,6.1899,6,300.0,16.6,383.78,7.37,23.3,43.639236,2.124653884501384,3.5270965788676962,Large
0.11329,30.0,4.93,0,0.428,6.897,54.3,6.3361,6,300.0,16.6,391.25,11.38,22.0,47.568609,2.5160822672564502,3.189792663476874,Large
0.10612,30.0,4.93,0,0.428,6.095,65.1,6.3361,6,300.0,16.6,394.62,12.4,20.1,37.149024999999995,2.5952547069568657,3.2977850697292865,Large
0.1029,30.0,4.93,0,0.428,6.358,52.9,7.0355,6,300.0,16.6,372.75,11.22,22.2,40.424164,2.503073953743449,3.4916640452972634,Large
0.12757,30.0,4.93,0,0.428,6.393,7.8,7.0355,6,300.0,16.6,374.71,5.19,23.7,40.870449,1.8229350866965048,3.7071797278273113,Large
0.20608,22.0,5.86,0,0.431,5.593,76.5,7.9549,7,330.0,19.1,372.49,12.5,17.6,31.281648999999998,2.6026896854443837,3.1467906311460756,Medium
0.19133,22.0,5.86,0,0.431,5.605,70.2,7.9549,7,330.0,19.1,389.13,18.46,18.5,31.416025000000005,2.968361076757859,3.300624442462087,Medium
0.33983,22.0,5.86,0,0.431,6.108,34.9,8.0555,7,330.0,19.1,390.18,9.16,24.3,37.307663999999995,2.318458442150336,3.978388998035364,Large
0.19657,22.0,5.86,0,0.431,6.226,79.2,8.0555,7,330.0,19.1,376.14,10.15,20.5,38.763076,2.411439497906128,3.2926437520077094,Large
0.16439,22.0,5.86,0,0.431,6.433,49.1,7.8265,7,330.0,19.1,374.71,9.52,24.5,41.383489,2.3532782073095637,3.808487486398259,Large
0.19073,22.0,5.86,0,0.431,6.718,17.5,7.8265,7,330.0,19.1,393.74,6.56,26.2,45.131524,2.0228711901914416,3.8999702292348912,Large
0.1403,22.0,5.86,0,0.431,6.487,13.0,7.3967,7,330.0,19.1,396.28,5.9,24.4,42.081169,1.9315214116032138,3.7613688916294126,Large
0.21409,22.0,5.86,0,0.431,6.438,8.9,7.3967,7,330.0,19.1,377.07,3.59,24.8,41.447843999999996,1.5238800240724537,3.852127990059025,Large
0.08221,22.0,5.86,0,0.431,6.957,6.8,8.9067,7,330.0,19.1,386.09,3.53,29.6,48.399848999999996,1.5107219394949425,4.2547074888601415,Large
0.36894,22.0,5.86,0,0.431,8.259,8.4,8.9067,7,330.0,19.1,396.9,3.54,42.8,68.21108100000001,1.5129270120532565,5.182225451023125,Very Large
0.04819,80.0,3.64,0,0.392,6.108,32.0,9.2203,1,315.0,16.4,392.89,6.57,21.9,37.307663999999995,2.0241930674493576,3.5854616895874263,Large
0.03548,80.0,3.64,0,0.392,5.876,19.1,9.2203,1,315.0,16.4,395.18,9.25,20.9,34.527376000000004,2.327277705584417,3.5568413886997954,Medium
0.01538,90.0,3.75,0,0.394,7.454,34.2,6.3361,3,244.0,15.9,386.34,3.11,44.0,55.562115999999996,1.413423028508143,5.902870941776228,Very Large
0.61154,20.0,3.97,0,0.647,8.704,86.9,1.801,5,264.0,13.0,389.7,5.12,50.0,75.75961600000001,1.8115620965242347,5.744485294117647,Very Large
0.66351,20.0,3.97,0,0.647,7.333,100.0,1.8946,5,264.0,13.0,383.29,7.79,36.0,53.772889,2.1736147116970854,4.909314059729987,Very Large
0.65665,20.0,3.97,0,0.647,6.842,100.0,2.0107,5,264.0,13.0,391.93,6.9,30.1,46.812963999999994,2.066862759472976,4.3992984507453965,Large
0.54011,20.0,3.97,0,0.647,7.203,81.8,2.1121,5,264.0,13.0,392.8,9.59,33.8,51.883209,2.359910159613315,4.692489240594196,Very Large
0.53412,20.0,3.97,0,0.647,7.52,89.4,2.1398,5,264.0,13.0,388.37,7.26,43.1,56.550399999999996,2.1114245875328868,5.7313829787234045,Very Large
0.52014,20.0,3.97,0,0.647,8.398,91.5,2.2885,5,264.0,13.0,386.86,5.91,48.8,70.526404,1.9329696377795786,5.8109073588949745,Very Large
0.82526,20.0,3.97,0,0.647,7.327,94.5,2.0788,5,264.0,13.0,393.42,11.25,31.0,53.684929,2.505525936990736,4.2309267094308725,Very Large
0.55007,20.0,3.97,0,0.647,7.206,91.6,1.9301,5,264.0,13.0,387.89,8.1,36.5,51.926436,2.2082744135228043,5.0652234249236745,Very Large
0.76162,20.0,3.97,0,0.647,5.56,62.8,1.9865,5,264.0,13.0,392.4,10.45,22.8,30.913599999999995,2.4379897300002487,4.100719424460432,Medium
0.7857,20.0,3.97,0,0.647,7.014,84.6,2.1329,5,264.0,13.0,384.07,14.79,30.7,49.196196,2.7593768282675506,4.376960364984317,Very Large
0.57834,20.0,3.97,0,0.575,8.297,67.0,2.4216,5,264.0,13.0,384.54,7.44,50.0,68.84020900000002,2.132982308607866,6.026274557068819,Very Large
0.5405,20.0,3.97,0,0.575,7.47,52.6,2.872,5,264.0,13.0,390.3,3.16,43.5,55.8009,1.425515074273172,5.8232931726907635,Very Large
0.09065,20.0,6.96,1,0.464,5.92,61.5,3.9175,3,223.0,18.6,391.34,13.65,20.7,35.0464,2.6844403354630764,3.4966216216216215,Medium
0.29916,20.0,6.96,0,0.464,5.856,42.1,4.429,3,223.0,18.6,388.65,13.0,21.1,34.292736,2.6390573296152584,3.6031420765027327,Medium
0.16211,20.0,6.96,0,0.464,6.24,16.3,4.429,3,223.0,18.6,396.9,6.59,25.2,38.9376,2.0268315914075385,4.038461538461538,Large
0.1146,20.0,6.96,0,0.464,6.538,58.7,3.9175,3,223.0,18.6,394.96,7.73,24.4,42.745444000000006,2.166765369851511,3.7320281431630464,Large
0.22188,20.0,6.96,1,0.464,7.691,51.8,4.3665,3,223.0,18.6,390.77,6.58,35.2,59.151481,2.0255131996542803,4.576778052268886,Very Large
0.05644,40.0,6.41,1,0.447,6.758,32.9,4.0776,4,254.0,17.6,396.9,3.53,32.4,45.670564,1.5107219394949425,4.794317845516424,Large
0.09604,40.0,6.41,0,0.447,6.854,42.8,4.2673,4,254.0,17.6,396.9,2.98,32.0,46.977316,1.3812818192963463,4.668806536329151,Large
0.10469,40.0,6.41,1,0.447,7.267,49.0,4.7872,4,254.0,17.6,389.25,6.05,33.2,52.80928900000001,1.9530276168241774,4.568597770744462,Very Large
0.06127,40.0,6.41,1,0.447,6.826,27.6,4.8628,4,254.0,17.6,393.45,4.16,33.1,46.594275999999994,1.6409365794934714,4.8491063580427785,Large
0.07978,40.0,6.41,0,0.447,6.482,32.1,4.1403,4,254.0,17.6,396.9,7.19,29.1,42.016324000000004,2.1029138978649784,4.489355137303302,Large
0.21038,20.0,3.33,0,0.4429,6.812,32.2,4.1007,5,216.0,14.9,396.9,4.85,35.1,46.403344000000004,1.766441661243765,5.152671755725191,Large
0.03578,20.0,3.33,0,0.4429,7.82,64.5,4.6947,5,216.0,14.9,387.31,3.76,45.4,61.15240000000001,1.5602476682433286,5.805626598465473,Very Large
0.03705,20.0,3.33,0,0.4429,6.968,37.2,5.2447,5,216.0,14.9,392.23,4.59,35.4,48.553024,1.7209792871670078,5.08036739380023,Large
0.06129,20.0,3.33,1,0.4429,7.645,49.7,5.2119,5,216.0,14.9,377.07,3.01,46.0,58.44602499999999,1.3887912413184778,6.017004578155658,Very Large
0.01501,90.0,1.21,1,0.401,7.923,24.8,5.885,1,198.0,13.6,395.52,3.16,50.0,62.773929,1.425515074273172,6.310740880979427,Very Large
0.00906,90.0,2.97,0,0.4,7.088,20.8,7.3073,1,285.0,15.3,394.72,7.85,32.2,50.239744,2.180417459019838,4.542889390519187,Very Large
0.01096,55.0,2.25,0,0.389,6.453,31.9,7.3073,1,300.0,15.3,394.72,8.23,22.0,41.641209,2.222459048514761,3.409267007593367,Large
0.01965,80.0,1.76,0,0.385,6.23,31.5,9.0892,1,241.0,18.2,341.6,12.93,20.1,38.812900000000006,2.6340447877917144,3.226324237560193,Large
0.03871,52.5,5.32,0,0.405,6.209,31.3,7.3172,6,293.0,16.6,396.9,7.14,23.2,38.551680999999995,2.096790180014449,3.7365115155419555,Large
0.0459,52.5,5.32,0,0.405,6.315,45.6,7.3172,6,293.0,16.6,396.9,7.6,22.3,39.879225000000005,2.151762203259462,3.531274742676168,Large
0.04297,52.5,5.32,0,0.405,6.565,22.9,7.3172,6,293.0,16.6,371.72,9.51,24.8,43.099225000000004,2.3523271848888596,3.7776085300837776,Large
0.03502,80.0,4.95,0,0.411,6.861,27.9,5.1167,4,245.0,19.2,396.9,3.33,28.5,47.073321,1.4655675420143985,4.153913423699169,Large
0.07886,80.0,4.95,0,0.411,7.148,27.7,5.1167,4,245.0,19.2,396.9,3.56,37.3,51.093903999999995,1.5173226235262949,5.218242865137102,Very Large
0.03615,80.0,4.95,0,0.411,6.63,23.4,5.1167,4,245.0,19.2,396.9,4.7,27.9,43.9569,1.7404661748405046,4.208144796380091,Large
0.08265,0.0,13.92,0,0.437,6.127,18.4,5.5027,4,289.0,16.0,396.9,8.58,23.9,37.540129,2.259677591982769,3.900767096458299,Large
0.08199,0.0,13.92,0,0.437,6.009,42.3,5.5027,4,289.0,16.0,396.9,10.4,21.7,36.108081000000006,2.4336133554004498,3.611249791978698,Large
0.12932,0.0,13.92,0,0.437,6.678,31.1,5.9604,4,289.0,16.0,396.9,6.27,28.6,44.595684,1.9837562915454279,4.282719377059,Large
0.05372,0.0,13.92,0,0.437,6.549,51.0,5.9604,4,289.0,16.0,392.85,7.39,27.1,42.88940100000001,2.127040520479115,4.138036341426172,Large
0.14103,0.0,13.92,0,0.437,5.79,58.0,6.32,4,289.0,16.0,396.9,15.84,20.3,33.5241,2.8237570088141806,3.5060449050086357,Medium
0.06466,70.0,2.24,0,0.4,6.345,20.1,7.8278,5,358.0,14.8,368.24,4.97,22.5,40.259024999999994,1.7867469274045107,3.546099290780142,Large
0.05561,70.0,2.24,0,0.4,7.041,10.0,7.8278,5,358.0,14.8,371.58,4.74,29.0,49.575681,1.747459210331475,4.1187331344979405,Very Large
0.04417,70.0,2.24,0,0.4,6.871,47.4,7.8278,5,358.0,14.8,390.86,6.07,24.8,47.210641,1.9558604799084813,3.609372725949643,Large
0.03537,34.0,6.09,0,0.433,6.59,40.4,5.4917,7,329.0,16.1,395.75,9.5,22.0,43.4281,2.3513752571634776,3.3383915022761763,Large
0.09266,34.0,6.09,0,0.433,6.495,18.4,5.4917,7,329.0,16.1,383.61,8.67,26.4,42.185025,2.269028309465203,4.064665127020785,Large
0.1,34.0,6.09,0,0.433,6.982,17.7,5.4917,7,329.0,16.1,390.43,4.86,33.1,48.748324000000004,1.7681496035889213,4.740761959323976,Large
0.05515,33.0,2.18,0,0.472,7.236,41.1,4.022,7,222.0,18.4,393.68,6.93,36.1,52.359696,2.0706530356467567,4.988944168048646,Very Large
0.05479,33.0,2.18,0,0.472,6.616,58.1,3.37,7,222.0,18.4,393.36,8.93,28.4,43.77145599999999,2.295560478057081,4.292623941958888,Large
0.07503,33.0,2.18,0,0.472,7.42,71.9,3.0992,7,222.0,18.4,396.9,6.47,33.4,55.0564,2.010894999144726,4.501347708894879,Very Large
0.04932,33.0,2.18,0,0.472,6.849,70.3,3.1827,7,222.0,18.4,396.9,7.53,28.2,46.908801000000004,2.143589361503588,4.117389399912396,Large
0.49298,0.0,9.9,0,0.544,6.635,82.5,3.3175,4,304.0,18.4,396.9,4.54,22.8,44.023225,1.7119945007591924,3.436322532027129,Large
0.3494,0.0,9.9,0,0.544,5.972,76.7,3.1025,4,304.0,18.4,396.24,9.97,20.3,35.664784000000004,2.395164274287139,3.3991962491627596,Medium
2.63548,0.0,9.9,0,0.544,4.973,37.8,2.5194,4,304.0,18.4,350.45,12.64,16.1,24.730729,2.613006652415316,3.2374824049869297,Small
0.79041,0.0,9.9,0,0.544,6.122,52.8,2.6403,4,304.0,18.4,396.9,5.98,22.1,37.478884,1.9430489167742813,3.6099313949689646,Large
0.26169,0.0,9.9,0,0.544,6.023,90.4,2.834,4,304.0,18.4,396.3,11.72,19.4,36.276529,2.543175557911976,3.2209862194919476,Large
0.26938,0.0,9.9,0,0.544,6.266,82.8,3.2628,4,304.0,18.4,393.39,7.9,21.6,39.262756,2.186051276738094,3.4471752314075967,Large
0.3692,0.0,9.9,0,0.544,6.567,87.3,3.6023,4,304.0,18.4,395.69,9.28,23.8,43.125489,2.330200260027019,3.62418151362875,Large
0.25356,0.0,9.9,0,0.544,5.705,77.7,3.945,4,304.0,18.4,396.42,11.5,16.2,32.547025,2.5257286443082556,2.8396143733567043,Medium
0.31827,0.0,9.9,0,0.544,5.914,83.2,3.9986,4,304.0,18.4,390.7,18.33,17.8,34.975395999999996,2.9616582932202395,3.0098072370645927,Medium
0.24522,0.0,9.9,0,0.544,5.782,71.7,4.0317,4,304.0,18.4,396.9,15.94,19.8,33.431524,2.8296776892239084,3.4244206157039088,Medium
0.40202,0.0,9.9,0,0.544,6.382,67.2,3.5325,4,304.0,18.4,395.21,10.36,23.1,40.729924,2.4300984132930052,3.6195549984330935,Large
0.47547,0.0,9.9,0,0.544,6.113,58.8,4.0019,4,304.0,18.4,396.23,12.73,21.0,37.36876900000001,2.6195832197798796,3.4353018158023882,Large
0.1676,0.0,7.38,0,0.493,6.426,52.3,4.5404,5,287.0,19.6,396.9,7.2,23.8,41.293476000000005,2.1041341542702074,3.7037037037037037,Large
0.18159,0.0,7.38,0,0.493,6.376,54.3,4.5404,5,287.0,19.6,396.9,6.87,23.1,40.653376,2.063058062429312,3.622961104140527,Large
0.35114,0.0,7.38,0,0.493,6.041,49.9,4.7211,5,287.0,19.6,396.9,7.7,20.4,36.493681,2.163323025660538,3.376924350273133,Large
0.28392,0.0,7.38,0,0.493,5.708,74.3,4.7211,5,287.0,19.6,391.13,11.74,18.5,32.581264000000004,2.5447466501440172,3.2410651716888577,Medium
0.34109,0.0,7.38,0,0.493,6.415,40.1,4.7211,5,287.0,19.6,396.9,6.12,25.0,41.152225,1.9629077254238845,3.897116134060795,Large
0.19186,0.0,7.38,0,0.493,6.431,14.7,5.4159,5,287.0,19.6,393.68,5.08,24.6,41.357761,1.8050046959780757,3.8252215829575498,Large
0.30347,0.0,7.38,0,0.493,6.312,28.9,5.4159,5,287.0,19.6,396.9,6.15,23.0,39.84134400000001,1.9671123567059163,3.643852978453739,Large
0.24103,0.0,7.38,0,0.493,6.083,43.7,5.4159,5,287.0,19.6,396.9,12.79,22.2,37.002889,2.6239436918052106,3.649515041920105,Large
0.06617,0.0,3.24,0,0.46,5.868,25.8,5.2146,4,430.0,16.9,382.44,9.97,19.3,34.433424,2.395164274287139,3.289025221540559,Medium
0.06724,0.0,3.24,0,0.46,6.333,17.2,5.2146,4,430.0,16.9,375.21,7.34,22.6,40.106889,2.1210632163706555,3.568608874151271,Large
0.04544,0.0,3.24,0,0.46,6.144,32.2,5.8736,4,430.0,16.9,368.57,9.09,19.8,37.748736,2.3115448343655176,3.22265625,Large
0.05023,35.0,6.06,0,0.4379,5.706,28.4,6.6407,1,304.0,16.9,394.02,12.43,17.1,32.55843600000001,2.5974910105351463,2.996845425867508,Medium
0.03466,35.0,6.06,0,0.4379,6.031,23.3,6.6407,1,304.0,16.9,362.25,7.83,19.4,36.372961,2.178155014615869,3.216713646161499,Large
0.05083,0.0,5.19,0,0.515,6.316,38.1,6.4584,5,224.0,20.2,389.71,5.68,22.2,39.891856,1.8991179875485542,3.514882837238759,Large
0.03738,0.0,5.19,0,0.515,6.31,38.5,6.4584,5,224.0,20.2,389.4,6.75,20.7,39.81609999999999,2.0476928433652555,3.2805071315372425,Large
0.03961,0.0,5.19,0,0.515,6.037,34.5,5.9853,5,224.0,20.2,396.9,8.01,21.1,36.445369,2.1983350716202463,3.4951134669537853,Large
0.03427,0.0,5.19,0,0.515,5.869,46.3,5.2311,5,224.0,20.2,396.9,9.8,19.5,34.445161,2.379546134130174,3.3225421707275515,Medium
0.03041,0.0,5.19,0,0.515,5.895,59.6,5.615,5,224.0,20.2,394.81,10.56,18.5,34.751025,2.4475508632442313,3.1382527565733676,Medium
0.03306,0.0,5.19,0,0.515,6.059,37.3,4.8122,5,224.0,20.2,396.14,8.51,20.6,36.711481,2.252343876557299,3.399900973758046,Large
0.05497,0.0,5.19,0,0.515,5.985,45.4,4.8122,5,224.0,20.2,396.9,9.74,19.0,35.820225,2.3739750890807185,3.1746031746031744,Medium
0.06151,0.0,5.19,0,0.515,5.968,58.5,4.8122,5,224.0,20.2,396.9,9.29,18.7,35.617024,2.331172549845958,3.133378016085791,Medium
0.01301,35.0,1.52,0,0.442,7.241,49.3,7.0379,1,284.0,15.5,394.74,5.49,32.7,52.432081,1.8702625307159986,4.5159508355199565,Very Large
0.02498,0.0,1.89,0,0.518,6.54,59.7,6.2669,1,422.0,15.9,389.96,8.65,16.5,42.7716,2.2669579153508947,2.522935779816514,Large
0.02543,55.0,3.78,0,0.484,6.696,56.4,5.7321,5,370.0,17.6,396.9,7.18,23.9,44.836416,2.1016921506146558,3.569295101553166,Large
0.03049,55.0,3.78,0,0.484,6.874,28.1,6.4654,5,370.0,17.6,387.97,4.61,31.2,47.251875999999996,1.724550719534605,4.538842013383765,Large
0.03113,0.0,4.39,0,0.442,6.014,48.5,8.0136,3,352.0,18.8,385.64,10.53,17.5,36.168196,2.4449523342809676,2.909876953774526,Large
0.06162,0.0,4.39,0,0.442,5.898,52.3,8.0136,3,352.0,18.8,364.61,12.67,17.2,34.786404,2.6152036507358583,2.9162427941675144,Medium
0.0187,85.0,4.15,0,0.429,6.516,27.7,8.5353,4,351.0,17.9,392.43,6.36,23.1,42.458256,1.9960599327407849,3.5451197053407,Large
0.01501,80.0,2.01,0,0.435,6.635,29.7,8.344,4,280.0,17.0,390.94,5.99,24.5,44.023225,1.944480556245719,3.6925395629238884,Large
0.02899,40.0,1.25,0,0.429,6.939,34.5,8.7921,1,335.0,19.7,389.85,5.89,26.6,48.149721,1.9300710850255671,3.8334053898256233,Large
0.06211,40.0,1.25,0,0.429,6.49,44.4,8.7921,1,335.0,19.7,396.9,5.98,22.9,42.1201,1.9430489167742813,3.528505392912172,Large
0.0795,60.0,1.69,0,0.411,6.579,35.9,10.7103,4,411.0,18.3,370.78,5.49,24.1,43.283241,1.8702625307159986,3.6631706946344433,Large
0.07244,60.0,1.69,0,0.411,5.884,18.5,10.7103,4,411.0,18.3,392.33,7.79,18.6,34.621456,2.1736147116970854,3.1611148878314075,Medium
0.01709,90.0,2.02,0,0.41,6.728,36.1,12.1265,5,187.0,17.0,384.46,4.5,30.1,45.265983999999996,1.7047480922384253,4.47384066587396,Large
0.04301,80.0,1.91,0,0.413,5.663,21.9,10.5857,4,334.0,22.0,382.8,8.05,18.2,32.069569,2.2027647577118348,3.213844252163164,Medium
0.10659,80.0,1.91,0,0.413,5.936,19.5,10.5857,4,334.0,22.0,376.04,5.57,20.6,35.236095999999996,1.8825138324965192,3.470350404312669,Medium
8.98296,0.0,18.1,1,0.77,6.212,97.4,2.1222,24,666.0,20.2,377.73,17.6,17.8,38.588944,2.9231615807191558,2.865421764327109,Large
3.8497,0.0,18.1,1,0.77,6.395,91.0,2.5052,24,666.0,20.2,391.34,13.27,21.7,40.896024999999995,2.658159431488745,3.393275996872557,Large
5.20177,0.0,18.1,1,0.77,6.127,83.4,2.7227,24,666.0,20.2,395.43,11.48,22.7,37.540129,2.5241273629412815,3.7049126815733637,Large
4.26131,0.0,18.1,0,0.77,6.112,81.3,2.5091,24,666.0,20.2,390.74,12.67,22.6,37.356544,2.6152036507358583,3.6976439790575917,Large
4.54192,0.0,18.1,0,0.77,6.398,88.0,2.5182,24,666.0,20.2,374.56,7.79,25.0,40.934403999999994,2.1736147116970854,3.9074710847139733,Large
3.83684,0.0,18.1,0,0.77,6.251,91.1,2.2955,24,666.0,20.2,350.65,14.19,19.9,39.07500100000001,2.7206373166076814,3.18349064149736,Large
3.67822,0.0,18.1,0,0.77,5.362,96.2,2.1036,24,666.0,20.2,380.79,10.19,20.8,28.751044,2.4150205223238337,3.879149571055576,Medium
4.22239,0.0,18.1,1,0.77,5.803,89.0,1.9047,24,666.0,20.2,353.04,14.64,16.8,33.674808999999996,2.7498317351171653,2.8950542822677927,Medium
3.47428,0.0,18.1,1,0.718,8.78,82.9,1.9047,24,666.0,20.2,354.55,5.29,21.9,77.0884,1.8389610707123492,2.4943052391799543,Very Large
4.55587,0.0,18.1,0,0.718,3.561,87.9,1.6132,24,666.0,20.2,354.7,7.12,27.5,12.680721,2.0943301541735866,7.722549845549003,Small
3.69695,0.0,18.1,0,0.718,4.963,91.4,1.7523,24,666.0,20.2,316.03,14.0,21.9,24.631369,2.70805020110221,4.412653636913157,Small
13.5222,0.0,18.1,0,0.631,3.863,100.0,1.5106,24,666.0,20.2,131.42,13.33,23.1,14.922769,2.6623552418400807,5.9798084390370185,Small
4.89822,0.0,18.1,0,0.631,4.97,100.0,1.3325,24,666.0,20.2,375.52,3.26,50.0,24.700899999999997,1.449269160281279,10.06036217303823,Small
5.66998,0.0,18.1,1,0.631,6.683,96.8,1.3567,24,666.0,20.2,375.33,3.73,50.0,44.662489,1.5539252025038417,7.481669908723627,Large
6.53876,0.0,18.1,1,0.631,7.016,97.5,1.2024,24,666.0,20.2,392.05,2.96,50.0,49.224256,1.3762440252663892,7.126567844925884,Very Large
9.2323,0.0,18.1,0,0.631,6.216,100.0,1.1691,24,666.0,20.2,366.15,9.53,50.0,38.638656000000005,2.354228326145884,8.043758043758043,Large
8.26725,0.0,18.1,1,0.668,5.875,89.6,1.1296,24,666.0,20.2,347.88,8.88,50.0,34.515625,2.2905125117597764,8.51063829787234,Medium
11.1081,0.0,18.1,0,0.668,4.906,100.0,1.1742,24,666.0,20.2,396.9,34.77,13.8,24.068835999999997,3.5771095532709265,2.812882185079495,Small
18.4982,0.0,18.1,0,0.668,4.138,100.0,1.137,24,666.0,20.2,396.9,37.97,13.8,17.123044,3.662792119350618,3.3349444175930403,Small
19.6091,0.0,18.1,0,0.671,7.313,97.9,1.3163,24,666.0,20.2,396.9,13.44,15.0,53.479969,2.67000213346468,2.0511418022699304,Very Large
15.288,0.0,18.1,0,0.671,6.649,93.3,1.3449,24,666.0,20.2,363.02,23.24,13.9,44.209201,3.1880041612011136,2.0905399308166643,Large
9.82349,0.0,18.1,0,0.671,6.794,98.8,1.358,24,666.0,20.2,396.9,21.24,13.3,46.158435999999995,3.1018924693823817,1.957609655578452,Large
23.6482,0.0,18.1,0,0.671,6.38,96.2,1.3861,24,666.0,20.2,396.9,23.69,13.1,40.7044,3.206398303357088,2.053291536050157,Large
17.8667,0.0,18.1,0,0.671,6.223,100.0,1.3861,24,666.0,20.2,393.74,21.78,10.2,38.725729,3.125882958019036,1.6390808291820664,Large
88.9762,0.0,18.1,0,0.671,6.968,91.9,1.4165,24,666.0,20.2,396.9,17.21,10.4,48.553024,2.9019708937395166,1.492537313432836,Large
15.8744,0.0,18.1,0,0.671,6.545,99.1,1.5192,24,666.0,20.2,396.9,21.08,10.9,42.837025,3.0946722214088944,1.6653934300993125,Large
9.18702,0.0,18.1,0,0.7,5.536,100.0,1.5804,24,666.0,20.2,396.9,23.6,11.3,30.647295999999997,3.202746442938317,2.041184971098266,Medium
7.99248,0.0,18.1,0,0.7,5.52,100.0,1.5331,24,666.0,20.2,396.9,24.56,12.3,30.470399999999994,3.241028629509334,2.2282608695652177,Medium
20.0849,0.0,18.1,0,0.7,4.368,91.2,1.4395,24,666.0,20.2,285.83,30.63,8.8,19.079424000000003,3.4541060373175574,2.0146520146520146,Small
16.8118,0.0,18.1,0,0.7,5.277,98.1,1.4261,24,666.0,20.2,396.9,30.81,7.2,27.846729,3.4597807057610526,1.3644115974985787,Medium
24.3938,0.0,18.1,0,0.7,4.652,100.0,1.4672,24,666.0,20.2,396.9,28.28,10.5,21.641104000000002,3.3769046890931107,2.2570937231298367,Small
22.5971,0.0,18.1,0,0.7,5.0,89.5,1.5184,24,666.0,20.2,396.9,31.99,7.4,25.0,3.49620448524049,1.48,Small
14.3337,0.0,18.1,0,0.7,4.88,100.0,1.5895,24,666.0,20.2,372.92,30.62,10.2,23.8144,3.453789831781326,2.0901639344262293,Small
8.15174,0.0,18.1,0,0.7,5.39,98.9,1.7281,24,666.0,20.2,396.9,20.85,11.5,29.052099999999996,3.084200921541599,2.1335807050092765,Medium
6.96215,0.0,18.1,0,0.7,5.713,97.0,1.9265,24,666.0,20.2,394.43,17.11,15.1,32.638369000000004,2.896464271895322,2.643094696306669,Medium
5.29305,0.0,18.1,0,0.7,6.051,82.5,2.1678,24,666.0,20.2,378.38,18.76,23.2,36.614601,2.983659692319722,3.8340770120641214,Large
11.5779,0.0,18.1,0,0.7,5.036,97.0,1.77,24,666.0,20.2,396.9,25.68,9.7,25.361295999999996,3.283914221047423,1.926131850675139,Medium
8.64476,0.0,18.1,0,0.693,6.193,92.6,1.7912,24,666.0,20.2,396.9,15.17,13.8,38.353249,2.783157673589016,2.228322299370257,Large
13.3598,0.0,18.1,0,0.693,5.887,94.7,1.7821,24,666.0,20.2,396.9,16.35,12.7,34.656769,2.8535925063928684,2.157295736368269,Medium
8.71675,0.0,18.1,0,0.693,6.471,98.8,1.7257,24,666.0,20.2,391.98,17.12,13.1,41.873841,2.8970163006148333,2.0244166280327613,Large
5.87205,0.0,18.1,0,0.693,6.405,96.0,1.6768,24,666.0,20.2,396.9,19.37,12.5,41.024025,3.0140632302387145,1.95160031225605,Large
7.67202,0.0,18.1,0,0.693,5.747,98.9,1.6334,24,666.0,20.2,393.1,19.92,8.5,33.028009,3.040705639196722,1.4790325387158518,Medium
38.3518,0.0,18.1,0,0.693,5.453,100.0,1.4896,24,666.0,20.2,396.9,30.59,5.0,29.735209000000005,3.4528406148139936,0.9169264624977076,Medium
9.91655,0.0,18.1,0,0.693,5.852,77.8,1.5004,24,666.0,20.2,338.16,29.97,6.3,34.245904,3.4330189939851112,1.076555023923445,Medium
25.0461,0.0,18.1,0,0.693,5.987,100.0,1.5888,24,666.0,20.2,396.9,26.77,5.6,35.844169,3.323956301318708,0.9353599465508601,Medium
14.2362,0.0,18.1,0,0.693,6.343,100.0,1.5741,24,666.0,20.2,396.9,20.32,7.2,40.233649,3.0596455992976437,1.1351095696042883,Large
9.59571,0.0,18.1,0,0.693,6.404,100.0,1.639,24,666.0,20.2,376.11,20.31,12.1,41.011216,3.0591764461105257,1.8894440974391005,Large
24.8017,0.0,18.1,0,0.693,5.349,96.0,1.7028,24,666.0,20.2,396.9,19.77,8.3,28.611801000000003,3.033509637888021,1.5516919050289775,Medium
41.5292,0.0,18.1,0,0.693,5.531,85.4,1.6074,24,666.0,20.2,329.46,27.38,8.5,30.591960999999998,3.3456846717318967,1.536792623395408,Medium
67.9208,0.0,18.1,0,0.693,5.683,100.0,1.4254,24,666.0,20.2,384.97,22.98,5.0,32.296489,3.177220149599368,0.8798169980644026,Medium
20.7162,0.0,18.1,0,0.659,4.138,100.0,1.1781,24,666.0,20.2,370.22,23.34,11.9,17.123044,3.1921210875593813,2.8757854035766073,Small
11.9511,0.0,18.1,0,0.659,5.608,100.0,1.2852,24,666.0,20.2,332.09,12.13,27.9,31.449663999999995,2.574899688314705,4.9750356633380886,Medium
7.40389,0.0,18.1,0,0.597,5.617,97.9,1.4547,24,666.0,20.2,314.64,26.4,17.2,31.550689,3.3105430133940246,3.062132811109133,Medium
14.4383,0.0,18.1,0,0.597,6.852,100.0,1.4655,24,666.0,20.2,179.36,19.78,27.5,46.949904000000004,3.0339909856710814,4.013426736719206,Large
51.1358,0.0,18.1,0,0.597,5.757,100.0,1.413,24,666.0,20.2,2.6,10.11,15.0,33.143049,2.4078456036515385,2.6055237102657633,Medium
14.0507,0.0,18.1,0,0.597,6.657,100.0,1.5275,24,666.0,20.2,35.05,21.22,17.2,44.315649,3.100992784211484,2.583746432326874,Large
18.811,0.0,18.1,0,0.597,4.628,100.0,1.5539,24,666.0,20.2,28.79,34.37,17.9,21.418384,3.5658640032173894,3.8677614520311145,Small
28.6558,0.0,18.1,0,0.597,5.155,100.0,1.5894,24,666.0,20.2,210.97,20.08,16.3,26.574025000000002,3.0483247236731614,3.1619786614936953,Medium
45.7461,0.0,18.1,0,0.693,4.519,100.0,1.6582,24,666.0,20.2,88.27,36.98,7.0,20.421361,3.63705970538414,1.5490152688647931,Small
18.0846,0.0,18.1,0,0.679,6.434,100.0,1.8347,24,666.0,20.2,27.25,29.05,7.2,41.396356000000004,3.4028626609812167,1.1190550202051601,Large
10.8342,0.0,18.1,0,0.679,6.782,90.8,1.8195,24,666.0,20.2,21.57,25.79,7.5,45.995524,3.2880286835565173,1.1058684753759953,Large
25.9406,0.0,18.1,0,0.679,5.304,89.1,1.6475,24,666.0,20.2,127.36,26.64,10.4,28.132416000000003,3.319263998899469,1.9607843137254901,Medium
73.5341,0.0,18.1,0,0.679,5.957,100.0,1.8026,24,666.0,20.2,16.45,20.62,8.8,35.485849,3.073618812211062,1.4772536511666947,Medium
11.8123,0.0,18.1,0,0.718,6.824,76.5,1.794,24,666.0,20.2,48.45,22.74,8.4,46.566976,3.167161389181522,1.2309495896834701,Large
11.0874,0.0,18.1,0,0.718,6.411,100.0,1.8589,24,666.0,20.2,318.75,15.02,16.7,41.10092099999999,2.7738379416402132,2.6048978318515053,Large
7.02259,0.0,18.1,0,0.718,6.006,95.3,1.8746,24,666.0,20.2,319.98,15.7,14.2,36.072036000000004,2.8154087194227095,2.364302364302364,Large
12.0482,0.0,18.1,0,0.614,5.648,87.6,1.9512,24,666.0,20.2,291.55,14.1,20.8,31.899903999999996,2.714694743820879,3.68271954674221,Medium
7.05042,0.0,18.1,0,0.614,6.103,85.1,2.0218,24,666.0,20.2,2.52,23.29,13.4,37.246609,3.190064743014081,2.195641487792889,Large
8.79212,0.0,18.1,0,0.584,5.565,70.6,2.0635,24,666.0,20.2,3.65,17.16,11.7,30.969225000000005,2.8992213731731473,2.1024258760107815,Medium
15.8603,0.0,18.1,0,0.679,5.896,95.4,1.9096,24,666.0,20.2,7.68,24.39,8.3,34.762816,3.234355395716587,1.4077340569877885,Medium
12.2472,0.0,18.1,0,0.584,5.837,59.7,1.9976,24,666.0,20.2,24.65,15.69,10.2,34.070569,2.8148097376737438,1.7474730169607675,Medium
37.6619,0.0,18.1,0,0.679,6.202,78.7,1.8629,24,666.0,20.2,18.82,14.52,10.9,38.464804,2.7421295147550726,1.7574975814253466,Large
7.36711,0.0,18.1,0,0.679,6.193,78.1,1.9356,24,666.0,20.2,96.73,21.52,11.0,38.353249,3.1144038032714896,1.7761989342806395,Large
9.33889,0.0,18.1,0,0.679,6.38,95.6,1.9682,24,666.0,20.2,60.72,24.08,9.5,40.7044,3.22207071576472,1.4890282131661443,Large
8.49213,0.0,18.1,0,0.584,6.348,86.1,2.0527,24,666.0,20.2,83.45,17.64,14.5,40.297104,2.925309809257445,2.2841839949590423,Large
10.0623,0.0,18.1,0,0.584,6.833,94.3,2.0882,24,666.0,20.2,81.33,19.69,14.1,46.689889,3.029650491757452,2.0635152934289476,Large
6.44405,0.0,18.1,0,0.584,6.425,74.8,2.2004,24,666.0,20.2,97.95,12.03,16.1,41.280625,2.567254391136754,2.505836575875487,Large
5.58107,0.0,18.1,0,0.713,6.436,87.9,2.3158,24,666.0,20.2,100.19,16.22,14.3,41.422095999999996,2.8460714989995846,2.2218769422001245,Large
13.9134,0.0,18.1,0,0.713,6.208,95.0,2.2222,24,666.0,20.2,100.63,15.17,11.7,38.539264,2.783157673589016,1.884664948453608,Large
11.1604,0.0,18.1,0,0.74,6.629,94.6,2.1247,24,666.0,20.2,109.85,23.27,13.4,43.94364099999999,3.18924101973851,2.0214210288127923,Large
14.4208,0.0,18.1,0,0.74,6.461,93.3,2.0026,24,666.0,20.2,27.49,18.05,9.6,41.744521000000006,2.94706710157271,1.4858381055564154,Large
15.1772,0.0,18.1,0,0.74,6.152,100.0,1.9142,24,666.0,20.2,9.32,26.45,8.7,37.847104,3.3123661679555396,1.4141742522756826,Large
13.6781,0.0,18.1,0,0.74,5.935,87.9,1.8206,24,666.0,20.2,68.95,34.02,8.4,35.224225,3.555919326857706,1.4153327716933448,Medium
9.39063,0.0,18.1,0,0.74,5.627,93.9,1.8172,24,666.0,20.2,396.9,22.88,12.8,31.663128999999998,3.1730412885244013,2.274746756708726,Medium
22.0511,0.0,18.1,0,0.74,5.818,92.4,1.8662,24,666.0,20.2,391.45,22.11,10.5,33.849123999999996,3.1402654242862895,1.8047438982468202,Medium
9.72418,0.0,18.1,0,0.74,6.406,97.2,2.0651,24,666.0,20.2,385.96,19.52,17.1,41.036835999999994,3.021400020302569,2.669372463315642,Large
5.66637,0.0,18.1,0,0.74,6.219,100.0,2.0048,24,666.0,20.2,395.69,16.59,18.4,38.675961,2.8673305587494666,2.958675028139572,Large
9.96654,0.0,18.1,0,0.74,6.485,100.0,1.9784,24,666.0,20.2,386.73,18.85,15.4,42.05522500000001,2.9882040071331994,2.374710871241326,Large
12.8023,0.0,18.1,0,0.74,5.854,96.6,1.8956,24,666.0,20.2,240.52,23.79,10.8,34.269316,3.210440346047099,1.844892381277759,Medium
10.6718,0.0,18.1,0,0.74,6.459,94.8,1.9879,24,666.0,20.2,43.06,23.98,11.8,41.718681,3.2180755046974316,1.82690819012231,Large
6.28807,0.0,18.1,0,0.74,6.341,96.4,2.072,24,666.0,20.2,318.01,17.79,14.9,40.208281,2.933324813425374,2.349787099826526,Large
9.92485,0.0,18.1,0,0.74,6.251,96.6,2.198,24,666.0,20.2,388.52,16.44,12.6,39.07500100000001,2.8587664184808337,2.015677491601344,Large
9.32909,0.0,18.1,0,0.713,6.185,98.7,2.2616,24,666.0,20.2,396.9,18.13,14.1,38.254225,2.9512577834521614,2.279708973322555,Large
7.52601,0.0,18.1,0,0.713,6.417,98.3,2.185,24,666.0,20.2,304.21,19.31,13.0,41.177889,3.011113375592293,2.025868786037089,Large
6.71772,0.0,18.1,0,0.713,6.749,92.6,2.3236,24,666.0,20.2,0.32,17.44,13.4,45.549001,2.914522218128448,1.9854793302711515,Large
5.44114,0.0,18.1,0,0.713,6.655,98.2,2.3552,24,666.0,20.2,355.29,17.73,15.2,44.289025,2.930126516455997,2.283996994740796,Large
5.09017,0.0,18.1,0,0.713,6.297,91.8,2.3682,24,666.0,20.2,385.09,17.27,16.1,39.652209,2.9052603703899154,2.5567730665396224,Large
8.24809,0.0,18.1,0,0.713,7.393,99.3,2.4527,24,666.0,20.2,375.87,16.74,17.8,54.656448999999995,2.8758219768814333,2.4076829433247666,Very Large
9.51363,0.0,18.1,0,0.713,6.728,94.1,2.4961,24,666.0,20.2,6.68,18.71,14.9,45.265983999999996,2.9811261211646287,2.214625445897741,Large
4.75237,0.0,18.1,0,0.713,6.525,86.5,2.4358,24,666.0,20.2,50.92,18.13,14.1,42.575625,2.9512577834521614,2.160919540229885,Large
4.66883,0.0,18.1,0,0.713,5.976,87.9,2.5806,24,666.0,20.2,10.48,19.01,12.7,35.712576,2.996232148595642,2.1251673360107093,Medium
8.20058,0.0,18.1,0,0.713,5.936,80.3,2.7792,24,666.0,20.2,3.5,16.94,13.5,35.236095999999996,2.88703285663065,2.274258760107817,Medium
7.75223,0.0,18.1,0,0.713,6.301,83.7,2.7831,24,666.0,20.2,272.21,16.23,14.9,39.702601,2.8466520505398383,2.364704015235677,Large
6.80117,0.0,18.1,0,0.713,6.081,84.4,2.7175,24,666.0,20.2,396.9,14.7,20.0,36.978561000000006,2.7536607123542622,3.2889327413254397,Large
4.81213,0.0,18.1,0,0.713,6.701,90.0,2.5975,24,666.0,20.2,255.23,16.42,16.4,44.903400999999995,2.857618971424357,2.447395911058051,Large
3.69311,0.0,18.1,0,0.713,6.376,88.4,2.5671,24,666.0,20.2,391.43,14.65,17.7,40.653376,2.750470916986162,2.77603513174404,Large
6.65492,0.0,18.1,0,0.713,6.317,83.0,2.7344,24,666.0,20.2,396.9,13.99,19.5,39.904489000000005,2.7073833121145063,3.0869083425676744,Large
5.82115,0.0,18.1,0,0.713,6.513,89.9,2.8016,24,666.0,20.2,393.82,10.29,20.2,42.419169,2.4239173781615704,3.1014893290342394,Large
7.83932,0.0,18.1,0,0.655,6.209,65.4,2.9634,24,666.0,20.2,396.9,13.22,21.4,38.551680999999995,2.6546494243750947,3.446609760025769,Large
3.1636,0.0,18.1,0,0.655,5.759,48.2,3.0665,24,666.0,20.2,334.4,14.13,19.9,33.166081000000005,2.7166795278002644,3.4554610175377665,Medium
3.77498,0.0,18.1,0,0.655,5.952,84.7,2.8715,24,666.0,20.2,22.01,17.15,19.0,35.426304,2.8986705607108596,3.192204301075269,Medium
4.42228,0.0,18.1,0,0.584,6.003,94.5,2.5403,24,666.0,20.2,331.29,21.32,19.1,36.036009,3.1054831375131102,3.1817424621022825,Large
15.5757,0.0,18.1,0,0.58,5.926,71.0,2.9084,24,666.0,20.2,368.74,18.13,19.1,35.117476,2.9512577834521614,3.223084711441107,Medium
13.0751,0.0,18.1,0,0.58,5.713,56.7,2.8237,24,666.0,20.2,396.9,14.76,20.1,32.638369000000004,2.757475084429733,3.518291615613513,Medium
4.34879,0.0,18.1,0,0.58,6.167,84.0,3.0334,24,666.0,20.2,396.9,16.29,19.9,38.031889,2.850128299695199,3.2268526025620234,Large
4.03841,0.0,18.1,0,0.532,6.229,90.7,3.0993,24,666.0,20.2,395.33,12.87,19.6,38.800441,2.6297282343267403,3.1465724835447104,Large
3.56868,0.0,18.1,0,0.58,6.437,75.0,2.8965,24,666.0,20.2,393.37,14.36,23.2,41.434969,2.731766727719526,3.6041634301693333,Large
4.64689,0.0,18.1,0,0.614,6.98,67.6,2.5329,24,666.0,20.2,374.68,11.66,29.8,48.720400000000005,2.5384474167160302,4.269340974212034,Large
8.05579,0.0,18.1,0,0.584,5.427,95.4,2.4298,24,666.0,20.2,352.58,18.14,13.8,29.452328999999995,2.9517803860248084,2.5428413488114985,Medium
6.39312,0.0,18.1,0,0.584,6.162,97.4,2.206,24,666.0,20.2,302.76,24.1,13.3,37.970244,3.2228678461377385,2.1583901330736777,Large
4.87141,0.0,18.1,0,0.614,6.484,93.6,2.3053,24,666.0,20.2,396.21,18.68,16.7,42.042256,2.9796028916241073,2.5755706354102403,Large
15.0234,0.0,18.1,0,0.614,5.304,97.3,2.1007,24,666.0,20.2,349.48,24.91,12.0,28.132416000000003,3.2546289945740186,2.262443438914027,Medium
10.233,0.0,18.1,0,0.614,6.185,96.7,2.1705,24,666.0,20.2,379.7,18.03,14.6,38.254225,2.946016681308058,2.360549717057397,Large
14.3337,0.0,18.1,0,0.614,6.229,88.0,1.9512,24,666.0,20.2,383.32,13.11,21.4,38.800441,2.6468837658647226,3.435543425911061,Large
5.82401,0.0,18.1,0,0.532,6.242,64.7,3.4242,24,666.0,20.2,396.9,10.74,23.0,38.962564,2.4630018143999504,3.6847164370394103,Large
5.70818,0.0,18.1,0,0.532,6.75,74.9,3.3317,24,666.0,20.2,393.07,7.74,23.7,45.5625,2.167910189667444,3.511111111111111,Large
5.73116,0.0,18.1,0,0.532,7.061,77.0,3.4106,24,666.0,20.2,395.28,7.01,25.0,49.857721,2.080690761080268,3.540574989378275,Very Large
2.81838,0.0,18.1,0,0.532,5.762,40.3,4.0983,24,666.0,20.2,392.92,10.42,21.8,33.200644,2.435366204227864,3.78340853870184,Medium
2.37857,0.0,18.1,0,0.583,5.871,41.9,3.724,24,666.0,20.2,370.73,13.34,20.6,34.468641000000005,2.663052835171474,3.508771929824561,Medium
3.67367,0.0,18.1,0,0.583,6.312,51.9,3.9917,24,666.0,20.2,388.62,10.58,21.2,39.84134400000001,2.449279472144849,3.3586818757921417,Large
5.69175,0.0,18.1,0,0.583,6.114,79.8,3.5459,24,666.0,20.2,392.68,14.98,19.1,37.380995999999996,2.7713379403381286,3.1239777559699053,Large
4.83567,0.0,18.1,0,0.583,5.905,53.2,3.1523,24,666.0,20.2,388.22,11.45,20.6,34.869025,2.5217206229107165,3.4885690093141406,Medium
0.15086,0.0,27.74,0,0.609,5.454,92.7,1.8209,4,711.0,20.1,395.09,18.06,15.2,29.746115999999997,2.947591898226056,2.786945361202787,Medium
0.18337,0.0,27.74,0,0.609,5.414,98.3,1.7554,4,711.0,20.1,344.05,23.97,7.0,29.311396,3.217675104291682,1.2929442186922793,Medium
0.20746,0.0,27.74,0,0.609,5.093,98.0,1.8226,4,711.0,20.1,318.43,29.68,8.1,25.938648999999998,3.4236109764990554,1.5904182210877675,Medium
0.10574,0.0,27.74,0,0.609,5.983,98.8,1.8681,4,711.0,20.1,390.11,18.07,13.6,35.796288999999994,2.9481164196123277,2.273107136887849,Medium
0.11132,0.0,27.74,0,0.609,5.983,83.5,2.1099,4,711.0,20.1,396.9,13.35,20.1,35.796288999999994,2.66374994220563,3.3595186361357183,Medium
0.17331,0.0,9.69,0,0.585,5.707,54.0,2.3817,6,391.0,19.2,396.9,12.01,21.8,32.569849,2.565718292524414,3.819870334676713,Medium
0.27957,0.0,9.69,0,0.585,5.926,42.6,2.3817,6,391.0,19.2,396.9,13.59,24.5,35.117476,2.6803363625346943,4.1343233209584875,Medium
0.17899,0.0,9.69,0,0.585,5.67,28.8,2.7986,6,391.0,19.2,393.29,17.6,23.1,32.1489,2.9231615807191558,4.074074074074074,Medium
0.2896,0.0,9.69,0,0.585,5.39,72.9,2.7986,6,391.0,19.2,396.9,21.14,19.7,29.052099999999996,3.0973859272804907,3.654916512059369,Medium
0.26838,0.0,9.69,0,0.585,5.794,70.6,2.8927,6,391.0,19.2,396.9,14.1,18.3,33.570435999999994,2.714694743820879,3.158439765274422,Medium
0.23912,0.0,9.69,0,0.585,6.019,65.3,2.4091,6,391.0,19.2,396.9,12.92,21.2,36.228361,2.6333266549062735,3.522179764080412,Large
0.17783,0.0,9.69,0,0.585,5.569,73.5,2.3999,6,391.0,19.2,395.77,15.1,17.5,31.013761,2.7788192719904172,3.1423954031244388,Medium
0.22438,0.0,9.69,0,0.585,6.027,79.7,2.4982,6,391.0,19.2,396.9,14.33,16.8,36.324729000000005,2.7298116928837226,2.7874564459930316,Large
0.06263,0.0,11.93,0,0.573,6.593,69.1,2.4786,1,273.0,21.0,391.99,9.67,22.4,43.467649,2.367436065313662,3.397542848475656,Large
0.04527,0.0,11.93,0,0.573,6.12,76.7,2.2875,1,273.0,21.0,396.9,9.08,20.6,37.4544,2.3105532626432224,3.366013071895425,Large
0.06076,0.0,11.93,0,0.573,6.976,91.0,2.1675,1,273.0,21.0,396.9,5.64,23.9,48.664576,1.8931119634883424,3.426032110091743,Large
0.10959,0.0,11.93,0,0.573,6.794,89.3,2.3889,1,273.0,21.0,393.45,6.48,22.0,46.158435999999995,2.012232791986386,3.238151309979394,Large
0.04741,0.0,11.93,0,0.573,6.03,80.8,2.505,1,273.0,21.0,396.9,7.88,11.9,36.3609,2.1838015570040787,1.9734660033167495,Large
